paper_id,ss_venue_id,year
0009c4975fcb502a4af0e53d46ec6255c13216a1,98fef3dc-eb74-4bb0-a54c-e718ac0366cd,2020
000bc721cefe3f2ba2425e8b95b042dc1e9778f9,12162322-fe17-4fc9-ad8b-765a5472d33d,2020
0014e3f6909edbbf8e4d417baf2b991ffbc2909e,12162322-fe17-4fc9-ad8b-765a5472d33d,2024
0014e3f6909edbbf8e4d417baf2b991ffbc2909e,f0518e3f-2ce2-4ca7-9ea2-2cb5aa29cfc3,2023
001533bcbe30802b9a37d8f9f22a083ccef516b4,98fef3dc-eb74-4bb0-a54c-e718ac0366cd,2023
001533bcbe30802b9a37d8f9f22a083ccef516b4,97a6d048-5f06-4dff-9968-1daebf55e895,2020
001533bcbe30802b9a37d8f9f22a083ccef516b4,8f5e3390-01e3-4897-84d7-5b8f60bb6e4d,2022
001533bcbe30802b9a37d8f9f22a083ccef516b4,919a6285-95c8-4836-9e7a-2bdab11dab1b,2019
001533bcbe30802b9a37d8f9f22a083ccef516b4,d09b380a-e850-4faf-a207-be6e75386589,2020
001533bcbe30802b9a37d8f9f22a083ccef516b4,9ad182fa-89fc-4dd0-a374-1808af9b8334,2023
001533bcbe30802b9a37d8f9f22a083ccef516b4,4fffb1bc-6691-4faf-9893-11932df011d7,2023
0018e888e83bfd993bc49455a8787577ab28a19c,98fef3dc-eb74-4bb0-a54c-e718ac0366cd,2020
0018e888e83bfd993bc49455a8787577ab28a19c,97a6d048-5f06-4dff-9968-1daebf55e895,2020
001ca235cae845677c82167c21cbfa9eabddbfbc,c4e08f4a-6d25-4c56-be61-cc14f2a1c885,2024
001ca235cae845677c82167c21cbfa9eabddbfbc,08430f5c-17b6-48c1-a50b-db71757dd617,2020
001ca235cae845677c82167c21cbfa9eabddbfbc,75f41b0e-9c59-4e5d-a731-4318cab3016e,2021
001ca235cae845677c82167c21cbfa9eabddbfbc,813768b6-2422-476c-b7d9-7f88793df5ce,2023
001ca235cae845677c82167c21cbfa9eabddbfbc,3ead56df-644f-49f2-895f-3bf182b06f74,2023
001ca235cae845677c82167c21cbfa9eabddbfbc,8ecc6f70-9574-45ca-990e-8a377e62d9af,2019
002b5b830c6c7f312dd82cf936b6204bd4018de6,16ca4ff3-205a-4f99-8dbd-50937bf91424,2023
002b5b830c6c7f312dd82cf936b6204bd4018de6,927fdb16-1382-44c6-9a6f-02d5cf35d8ac,2023
002b5b830c6c7f312dd82cf936b6204bd4018de6,d2d6332c-4a2a-4433-a07c-becbb9cb526f,2023
00016e315b39d20b69f041790573e2215f9eb028,3eff72bf-7a1c-4dc5-9eca-a00d239162be,2022
00016e315b39d20b69f041790573e2215f9eb028,eee0b98a-09c9-48fa-b703-305417766fd0,2021
00016e315b39d20b69f041790573e2215f9eb028,ffa805d5-e973-47b4-bc62-fbcf4c41d53d,2022
0004bfb2afc73e755c6c4987225907472da966d1,54c97699-f20b-45a7-ad60-b53a4ea76d91,2021
0004bfb2afc73e755c6c4987225907472da966d1,7ce789d2-bcb6-4595-9dc4-e823a924a6c2,2022
0004bfb2afc73e755c6c4987225907472da966d1,bbf04dd4-455a-4243-89f2-a756661b6db3,2021
000bf014a71283e739b3288783e0572dd4de7301,54c97699-f20b-45a7-ad60-b53a4ea76d91,2022
000bf014a71283e739b3288783e0572dd4de7301,7ce789d2-bcb6-4595-9dc4-e823a924a6c2,2022
000bf014a71283e739b3288783e0572dd4de7301,bbf04dd4-455a-4243-89f2-a756661b6db3,2019
000bf014a71283e739b3288783e0572dd4de7301,aa941855-7d45-4531-87fe-4db2a2df6c6e,2021
000bf014a71283e739b3288783e0572dd4de7301,b593fab9-ed88-49d0-bf0e-1312a16b4f08,2020
0013693bccf244dad3d321558ac7986bc0230db9,12162322-fe17-4fc9-ad8b-765a5472d33d,2020
0013693bccf244dad3d321558ac7986bc0230db9,f0518e3f-2ce2-4ca7-9ea2-2cb5aa29cfc3,2020
00196a9ef3e29d16a026e6fa69886e273c685cac,d7a24f8f-5ec1-4872-9d99-891b6e611a1b,2020
0019b23a39d2268d967292b158b9e723d7c5eb58,758767ef-3ff6-46cb-8121-77901d42097b,2020
0019b23a39d2268d967292b158b9e723d7c5eb58,db07ce9a-a4e2-4ab1-896e-728e535ead10,2022
0019b23a39d2268d967292b158b9e723d7c5eb58,0291ce72-3b8c-425b-b8db-18605f05ff40,2021
002050388cdb39d6413ce48230496e8ccc08df04,98fef3dc-eb74-4bb0-a54c-e718ac0366cd,2020
002050388cdb39d6413ce48230496e8ccc08df04,97a6d048-5f06-4dff-9968-1daebf55e895,2023
002050388cdb39d6413ce48230496e8ccc08df04,8f5e3390-01e3-4897-84d7-5b8f60bb6e4d,2023
002050388cdb39d6413ce48230496e8ccc08df04,919a6285-95c8-4836-9e7a-2bdab11dab1b,2020
00227f73b6547b43d9f6c22e0136ab1fadb7036c,3a342388-5892-44cf-a828-0a43c634227d,2019
00227f73b6547b43d9f6c22e0136ab1fadb7036c,4b661303-3a59-4dff-82cc-9ac025918d16,2023
00227f73b6547b43d9f6c22e0136ab1fadb7036c,2cc2fe4d-9264-4cb6-8700-600fa47043f4,2020
00240aaeb57dba9886d1a695176c97a17ad97885,54c97699-f20b-45a7-ad60-b53a4ea76d91,2022
00240aaeb57dba9886d1a695176c97a17ad97885,7ce789d2-bcb6-4595-9dc4-e823a924a6c2,2022
00240aaeb57dba9886d1a695176c97a17ad97885,bbf04dd4-455a-4243-89f2-a756661b6db3,2021
00240aaeb57dba9886d1a695176c97a17ad97885,aa941855-7d45-4531-87fe-4db2a2df6c6e,2023
00240aaeb57dba9886d1a695176c97a17ad97885,b593fab9-ed88-49d0-bf0e-1312a16b4f08,2023
00240aaeb57dba9886d1a695176c97a17ad97885,e3dffd26-f791-45ae-977d-1218c107b566,2022
002523ab48c0a79567a275c5ba219e95e37d9cca,203eb69f-41ad-4db8-a068-f87f01169e62,2021
002523ab48c0a79567a275c5ba219e95e37d9cca,afbd4f78-7b97-4b55-93ac-0a4d01d98492,2022
002523ab48c0a79567a275c5ba219e95e37d9cca,4a0910b1-921e-41c0-880b-4698c647c7fd,2022
002523ab48c0a79567a275c5ba219e95e37d9cca,957b1e7c-0c9a-443e-9827-484708f02a39,2024
002c19bc5e0040b8bb4dd0d7fcbd1760abbb8035,98fef3dc-eb74-4bb0-a54c-e718ac0366cd,2019
002c19bc5e0040b8bb4dd0d7fcbd1760abbb8035,97a6d048-5f06-4dff-9968-1daebf55e895,2022
002c19bc5e0040b8bb4dd0d7fcbd1760abbb8035,8f5e3390-01e3-4897-84d7-5b8f60bb6e4d,2023
002df72c36a270cc824897f6e5f88edf70fb1f61,98fef3dc-eb74-4bb0-a54c-e718ac0366cd,2019
002df72c36a270cc824897f6e5f88edf70fb1f61,97a6d048-5f06-4dff-9968-1daebf55e895,2023
002df72c36a270cc824897f6e5f88edf70fb1f61,8f5e3390-01e3-4897-84d7-5b8f60bb6e4d,2019
002df72c36a270cc824897f6e5f88edf70fb1f61,919a6285-95c8-4836-9e7a-2bdab11dab1b,2020
00314c680192fdf5e711e0d23c1f6d44cc89e65b,12162322-fe17-4fc9-ad8b-765a5472d33d,2019
00314c680192fdf5e711e0d23c1f6d44cc89e65b,f0518e3f-2ce2-4ca7-9ea2-2cb5aa29cfc3,2020
00314c680192fdf5e711e0d23c1f6d44cc89e65b,a3322176-de98-4c5d-ae9e-bd517c20feec,2023
00314c680192fdf5e711e0d23c1f6d44cc89e65b,cc6148fa-492e-4af3-9fc0-7d78df4c24b6,2020
0034365ccb6a98eddd0fab3184c1930621ca7b17,8efd30fa-f14b-4e97-80f1-00ec3fd93805,2021
0034365ccb6a98eddd0fab3184c1930621ca7b17,adcccd84-5384-4387-9b03-ac13d7a65245,2020
00363213c1d91a7d051c5ccbd360e11c8210aae4,3a342388-5892-44cf-a828-0a43c634227d,2023
00363213c1d91a7d051c5ccbd360e11c8210aae4,4b661303-3a59-4dff-82cc-9ac025918d16,2020
00363213c1d91a7d051c5ccbd360e11c8210aae4,2cc2fe4d-9264-4cb6-8700-600fa47043f4,2022
0038c3c38fd975d3373d63e76b7db5d2c7bf94bf,8efd30fa-f14b-4e97-80f1-00ec3fd93805,2021
0038c3c38fd975d3373d63e76b7db5d2c7bf94bf,adcccd84-5384-4387-9b03-ac13d7a65245,2019
0038c3c38fd975d3373d63e76b7db5d2c7bf94bf,3a380e72-e857-45ed-ae9b-bac77b47b3e0,2019
0038c3c38fd975d3373d63e76b7db5d2c7bf94bf,4807a595-9170-4a2f-8098-f8927001263d,2021
0039e77f1a6de8f375b9c57417201957471ea121,8efd30fa-f14b-4e97-80f1-00ec3fd93805,2020
0039e77f1a6de8f375b9c57417201957471ea121,adcccd84-5384-4387-9b03-ac13d7a65245,2022
0039e77f1a6de8f375b9c57417201957471ea121,3a380e72-e857-45ed-ae9b-bac77b47b3e0,2023
0039e77f1a6de8f375b9c57417201957471ea121,4807a595-9170-4a2f-8098-f8927001263d,2022
003a4314596654c9524e7e40cb75bf1991c6837a,98fef3dc-eb74-4bb0-a54c-e718ac0366cd,2021
003a4314596654c9524e7e40cb75bf1991c6837a,97a6d048-5f06-4dff-9968-1daebf55e895,2020
003a4314596654c9524e7e40cb75bf1991c6837a,8f5e3390-01e3-4897-84d7-5b8f60bb6e4d,2022
003b39f11d9a742f3ed581fccfdaa189b6f30171,758767ef-3ff6-46cb-8121-77901d42097b,2021
003b39f11d9a742f3ed581fccfdaa189b6f30171,db07ce9a-a4e2-4ab1-896e-728e535ead10,2019
003b39f11d9a742f3ed581fccfdaa189b6f30171,0291ce72-3b8c-425b-b8db-18605f05ff40,2022
003d8ba6b56262942c5ed88052fbd1282495966b,d7a24f8f-5ec1-4872-9d99-891b6e611a1b,2019
003d8ba6b56262942c5ed88052fbd1282495966b,514fd58d-eca6-46f3-958a-b689a09c069e,2019
003d8ba6b56262942c5ed88052fbd1282495966b,86f545ac-3178-4c21-b813-dd81bd62ae65,2021
003d912198ad1a718a84e430d47f6c513bb4df92,98fef3dc-eb74-4bb0-a54c-e718ac0366cd,2024
003d912198ad1a718a84e430d47f6c513bb4df92,97a6d048-5f06-4dff-9968-1daebf55e895,2021
003d912198ad1a718a84e430d47f6c513bb4df92,8f5e3390-01e3-4897-84d7-5b8f60bb6e4d,2019
003d912198ad1a718a84e430d47f6c513bb4df92,919a6285-95c8-4836-9e7a-2bdab11dab1b,2023
0042b16cba12db67855b603c261199b70067c69a,c4e08f4a-6d25-4c56-be61-cc14f2a1c885,2023
0042b16cba12db67855b603c261199b70067c69a,08430f5c-17b6-48c1-a50b-db71757dd617,2021
00433ea2a6d853403019b8b165030bacde9f20d3,e1b5231a-90cd-4e4a-a778-2cd72a024637,2021
00433ea2a6d853403019b8b165030bacde9f20d3,6dd7f322-87ef-4941-a82e-95930f2f3584,2020
00433ea2a6d853403019b8b165030bacde9f20d3,6ea7522c-df36-4cd0-9f66-aa94a739df19,2023
0048334fea7c1d80dd9f2fde8da71775a13afce6,98fef3dc-eb74-4bb0-a54c-e718ac0366cd,2020
0048334fea7c1d80dd9f2fde8da71775a13afce6,97a6d048-5f06-4dff-9968-1daebf55e895,2022
0048334fea7c1d80dd9f2fde8da71775a13afce6,8f5e3390-01e3-4897-84d7-5b8f60bb6e4d,2022
0048334fea7c1d80dd9f2fde8da71775a13afce6,919a6285-95c8-4836-9e7a-2bdab11dab1b,2021
005073ef6077877fedb41002cb9273f1b08b7b09,3a342388-5892-44cf-a828-0a43c634227d,2020
005073ef6077877fedb41002cb9273f1b08b7b09,4b661303-3a59-4dff-82cc-9ac025918d16,2023
005073ef6077877fedb41002cb9273f1b08b7b09,2cc2fe4d-9264-4cb6-8700-600fa47043f4,2021
0055ac14fb41047107186e9174b2369e89f126b9,c4e08f4a-6d25-4c56-be61-cc14f2a1c885,2023
0055ac14fb41047107186e9174b2369e89f126b9,08430f5c-17b6-48c1-a50b-db71757dd617,2022
0056e636953cb016836b2c05f43a3d1d4f19880b,d7a24f8f-5ec1-4872-9d99-891b6e611a1b,2020
0056e636953cb016836b2c05f43a3d1d4f19880b,514fd58d-eca6-46f3-958a-b689a09c069e,2019
0056e636953cb016836b2c05f43a3d1d4f19880b,86f545ac-3178-4c21-b813-dd81bd62ae65,2024
0056e636953cb016836b2c05f43a3d1d4f19880b,c98819d4-14e0-4a3a-a091-11cf8e63679e,2022
0059adaaa42b647f4810d651fee0d7c5e5f60eaa,98fef3dc-eb74-4bb0-a54c-e718ac0366cd,2022
0059adaaa42b647f4810d651fee0d7c5e5f60eaa,97a6d048-5f06-4dff-9968-1daebf55e895,2022
0059adaaa42b647f4810d651fee0d7c5e5f60eaa,8f5e3390-01e3-4897-84d7-5b8f60bb6e4d,2020
0059adaaa42b647f4810d651fee0d7c5e5f60eaa,919a6285-95c8-4836-9e7a-2bdab11dab1b,2020
0059adaaa42b647f4810d651fee0d7c5e5f60eaa,d09b380a-e850-4faf-a207-be6e75386589,2020
0059adaaa42b647f4810d651fee0d7c5e5f60eaa,9ad182fa-89fc-4dd0-a374-1808af9b8334,2022
0059adaaa42b647f4810d651fee0d7c5e5f60eaa,4fffb1bc-6691-4faf-9893-11932df011d7,2020
005b716759daadb580b472602f6167559aadc9c5,98fef3dc-eb74-4bb0-a54c-e718ac0366cd,2021
005b716759daadb580b472602f6167559aadc9c5,97a6d048-5f06-4dff-9968-1daebf55e895,2023
005b716759daadb580b472602f6167559aadc9c5,8f5e3390-01e3-4897-84d7-5b8f60bb6e4d,2023
005b716759daadb580b472602f6167559aadc9c5,919a6285-95c8-4836-9e7a-2bdab11dab1b,2020
005b716759daadb580b472602f6167559aadc9c5,d09b380a-e850-4faf-a207-be6e75386589,2020
005b716759daadb580b472602f6167559aadc9c5,9ad182fa-89fc-4dd0-a374-1808af9b8334,2019
005b716759daadb580b472602f6167559aadc9c5,4fffb1bc-6691-4faf-9893-11932df011d7,2019
00616d3f2033c39831e6274b000dba93e7173e8c,54c97699-f20b-45a7-ad60-b53a4ea76d91,2022
00616d3f2033c39831e6274b000dba93e7173e8c,7ce789d2-bcb6-4595-9dc4-e823a924a6c2,2019
00616d3f2033c39831e6274b000dba93e7173e8c,bbf04dd4-455a-4243-89f2-a756661b6db3,2022
00656f8d0bef8ec30a14212dbea3f394a7112e94,8efd30fa-f14b-4e97-80f1-00ec3fd93805,2021
00656f8d0bef8ec30a14212dbea3f394a7112e94,adcccd84-5384-4387-9b03-ac13d7a65245,2023
00656f8d0bef8ec30a14212dbea3f394a7112e94,3a380e72-e857-45ed-ae9b-bac77b47b3e0,2022
00656f8d0bef8ec30a14212dbea3f394a7112e94,4807a595-9170-4a2f-8098-f8927001263d,2022
006609032b88eb4feaa63d1465fde5611156ca86,98fef3dc-eb74-4bb0-a54c-e718ac0366cd,2020
00672bec9dd0e755f9c375f912c0f1c3918a6b74,8efd30fa-f14b-4e97-80f1-00ec3fd93805,2022
0069995f0be8f64d081b5c0bdd56d17f49ea5f25,d7a24f8f-5ec1-4872-9d99-891b6e611a1b,2023
0069995f0be8f64d081b5c0bdd56d17f49ea5f25,514fd58d-eca6-46f3-958a-b689a09c069e,2019
0069995f0be8f64d081b5c0bdd56d17f49ea5f25,86f545ac-3178-4c21-b813-dd81bd62ae65,2020
0069995f0be8f64d081b5c0bdd56d17f49ea5f25,c98819d4-14e0-4a3a-a091-11cf8e63679e,2020
007617660cc0d33741a6b6603da6a1844714cbdf,8efd30fa-f14b-4e97-80f1-00ec3fd93805,2019
007617660cc0d33741a6b6603da6a1844714cbdf,adcccd84-5384-4387-9b03-ac13d7a65245,2021
00768f59dc45c197f4329a4d6287423dca22cdbf,d34396fb-ffbc-4826-9139-10e861622ef5,2023
007f1a6d948cfc4cd838131ab18fac51b01f5275,98fef3dc-eb74-4bb0-a54c-e718ac0366cd,2019
007f1a6d948cfc4cd838131ab18fac51b01f5275,97a6d048-5f06-4dff-9968-1daebf55e895,2023
007f1a6d948cfc4cd838131ab18fac51b01f5275,8f5e3390-01e3-4897-84d7-5b8f60bb6e4d,2023
00801b7f0a13c5959773466b1ba9e5b18ea7c7d5,98fef3dc-eb74-4bb0-a54c-e718ac0366cd,2024
00801b7f0a13c5959773466b1ba9e5b18ea7c7d5,97a6d048-5f06-4dff-9968-1daebf55e895,2021
00801b7f0a13c5959773466b1ba9e5b18ea7c7d5,8f5e3390-01e3-4897-84d7-5b8f60bb6e4d,2020
00801b7f0a13c5959773466b1ba9e5b18ea7c7d5,919a6285-95c8-4836-9e7a-2bdab11dab1b,2024
00801b7f0a13c5959773466b1ba9e5b18ea7c7d5,d09b380a-e850-4faf-a207-be6e75386589,2020
00814de5c4a22fec6d7e6d161f006d9c59482278,d34396fb-ffbc-4826-9139-10e861622ef5,2019
00814de5c4a22fec6d7e6d161f006d9c59482278,5a722a1e-520e-4cd0-b63d-492aef96d10c,2022
00814de5c4a22fec6d7e6d161f006d9c59482278,463f44e9-4123-44f3-a091-ea5393e68cfe,2021
00814de5c4a22fec6d7e6d161f006d9c59482278,9dd8fe1d-62d6-49eb-8bc1-9a948f2064d9,2019
00814de5c4a22fec6d7e6d161f006d9c59482278,8a6c730b-c39a-4ff3-bb63-6bf76cf91c46,2020
00814de5c4a22fec6d7e6d161f006d9c59482278,f7f9357f-712f-4893-9238-2c74f4d39e65,2023
00814de5c4a22fec6d7e6d161f006d9c59482278,ff540017-ebef-4180-8926-622c3ebfbc9a,2022
0088aea75b76d7ecd3fa9680ebe778e271c4efcb,3a342388-5892-44cf-a828-0a43c634227d,2022
0088aea75b76d7ecd3fa9680ebe778e271c4efcb,4b661303-3a59-4dff-82cc-9ac025918d16,2020
0088aea75b76d7ecd3fa9680ebe778e271c4efcb,2cc2fe4d-9264-4cb6-8700-600fa47043f4,2021
008a06b6d99f30957947c2b0acf8f043db23fd75,d7a24f8f-5ec1-4872-9d99-891b6e611a1b,2022
008a06b6d99f30957947c2b0acf8f043db23fd75,514fd58d-eca6-46f3-958a-b689a09c069e,2024
008a06b6d99f30957947c2b0acf8f043db23fd75,86f545ac-3178-4c21-b813-dd81bd62ae65,2023
008a06b6d99f30957947c2b0acf8f043db23fd75,c98819d4-14e0-4a3a-a091-11cf8e63679e,2021
008a0971b86645137102eebd63f8901638bf983c,c4e08f4a-6d25-4c56-be61-cc14f2a1c885,2020
008a0971b86645137102eebd63f8901638bf983c,08430f5c-17b6-48c1-a50b-db71757dd617,2019
008a0971b86645137102eebd63f8901638bf983c,75f41b0e-9c59-4e5d-a731-4318cab3016e,2021
008a0971b86645137102eebd63f8901638bf983c,813768b6-2422-476c-b7d9-7f88793df5ce,2022
008a0971b86645137102eebd63f8901638bf983c,3ead56df-644f-49f2-895f-3bf182b06f74,2022
008a0971b86645137102eebd63f8901638bf983c,8ecc6f70-9574-45ca-990e-8a377e62d9af,2024
008eb1704c39eeee3efc8db2db53f24d74743e06,12162322-fe17-4fc9-ad8b-765a5472d33d,2023
008eb1704c39eeee3efc8db2db53f24d74743e06,f0518e3f-2ce2-4ca7-9ea2-2cb5aa29cfc3,2021
008eb1704c39eeee3efc8db2db53f24d74743e06,a3322176-de98-4c5d-ae9e-bd517c20feec,2023
008eb1704c39eeee3efc8db2db53f24d74743e06,cc6148fa-492e-4af3-9fc0-7d78df4c24b6,2020
008f1cca4c576b11d42c9a4cba236c834e451523,3a342388-5892-44cf-a828-0a43c634227d,2022
008f1cca4c576b11d42c9a4cba236c834e451523,4b661303-3a59-4dff-82cc-9ac025918d16,2022
008f2f675f9bf99f29ef7d3e8cdf4734cd9bb918,3a342388-5892-44cf-a828-0a43c634227d,2022
008f2f675f9bf99f29ef7d3e8cdf4734cd9bb918,4b661303-3a59-4dff-82cc-9ac025918d16,2022
008f2f675f9bf99f29ef7d3e8cdf4734cd9bb918,2cc2fe4d-9264-4cb6-8700-600fa47043f4,2021
008f51c5a995cf3d19bdcf2c7bb01648774daafb,d34396fb-ffbc-4826-9139-10e861622ef5,2019
008f8eb8cfbada33bedbcf794e725606b5a3a3e7,d34396fb-ffbc-4826-9139-10e861622ef5,2022
008f8eb8cfbada33bedbcf794e725606b5a3a3e7,5a722a1e-520e-4cd0-b63d-492aef96d10c,2024
008f8eb8cfbada33bedbcf794e725606b5a3a3e7,463f44e9-4123-44f3-a091-ea5393e68cfe,2020
008f8eb8cfbada33bedbcf794e725606b5a3a3e7,9dd8fe1d-62d6-49eb-8bc1-9a948f2064d9,2020
008f8eb8cfbada33bedbcf794e725606b5a3a3e7,8a6c730b-c39a-4ff3-bb63-6bf76cf91c46,2022
008f8eb8cfbada33bedbcf794e725606b5a3a3e7,f7f9357f-712f-4893-9238-2c74f4d39e65,2022
008f8eb8cfbada33bedbcf794e725606b5a3a3e7,ff540017-ebef-4180-8926-622c3ebfbc9a,2021
0090fe788feb3d56ee9bb1aaf83d51de71d8d3e6,98fef3dc-eb74-4bb0-a54c-e718ac0366cd,2022
0090fe788feb3d56ee9bb1aaf83d51de71d8d3e6,97a6d048-5f06-4dff-9968-1daebf55e895,2020
0090fe788feb3d56ee9bb1aaf83d51de71d8d3e6,8f5e3390-01e3-4897-84d7-5b8f60bb6e4d,2023
0090fe788feb3d56ee9bb1aaf83d51de71d8d3e6,919a6285-95c8-4836-9e7a-2bdab11dab1b,2019
0090fe788feb3d56ee9bb1aaf83d51de71d8d3e6,d09b380a-e850-4faf-a207-be6e75386589,2019
0090fe788feb3d56ee9bb1aaf83d51de71d8d3e6,9ad182fa-89fc-4dd0-a374-1808af9b8334,2020
0092c1083e4fb679b288686d1dc8c9d83efef9bc,12162322-fe17-4fc9-ad8b-765a5472d33d,2023
0092c1083e4fb679b288686d1dc8c9d83efef9bc,f0518e3f-2ce2-4ca7-9ea2-2cb5aa29cfc3,2022
009687779428dcb8c32f3c930697a7c3f8de3d3b,d34396fb-ffbc-4826-9139-10e861622ef5,2021
009687779428dcb8c32f3c930697a7c3f8de3d3b,5a722a1e-520e-4cd0-b63d-492aef96d10c,2023
009687779428dcb8c32f3c930697a7c3f8de3d3b,463f44e9-4123-44f3-a091-ea5393e68cfe,2020
009687779428dcb8c32f3c930697a7c3f8de3d3b,9dd8fe1d-62d6-49eb-8bc1-9a948f2064d9,2020
009687779428dcb8c32f3c930697a7c3f8de3d3b,8a6c730b-c39a-4ff3-bb63-6bf76cf91c46,2021
009687779428dcb8c32f3c930697a7c3f8de3d3b,f7f9357f-712f-4893-9238-2c74f4d39e65,2022
009b13bb48af9d33dbeb961f044133c7c21cec89,98fef3dc-eb74-4bb0-a54c-e718ac0366cd,2020
009b13bb48af9d33dbeb961f044133c7c21cec89,97a6d048-5f06-4dff-9968-1daebf55e895,2021
009b13bb48af9d33dbeb961f044133c7c21cec89,8f5e3390-01e3-4897-84d7-5b8f60bb6e4d,2023
00a3e1c293f3c8dfc205f0094f4d971850a5d99c,c4e08f4a-6d25-4c56-be61-cc14f2a1c885,2022
00a3e1c293f3c8dfc205f0094f4d971850a5d99c,08430f5c-17b6-48c1-a50b-db71757dd617,2022
00a3e1c293f3c8dfc205f0094f4d971850a5d99c,75f41b0e-9c59-4e5d-a731-4318cab3016e,2021
00a3e1c293f3c8dfc205f0094f4d971850a5d99c,813768b6-2422-476c-b7d9-7f88793df5ce,2019
00a653b045e7df3e93de9dc3cb0a186024ad1df0,d7a24f8f-5ec1-4872-9d99-891b6e611a1b,2021
00a653b045e7df3e93de9dc3cb0a186024ad1df0,514fd58d-eca6-46f3-958a-b689a09c069e,2023
00a653b045e7df3e93de9dc3cb0a186024ad1df0,86f545ac-3178-4c21-b813-dd81bd62ae65,2021
00a653b045e7df3e93de9dc3cb0a186024ad1df0,c98819d4-14e0-4a3a-a091-11cf8e63679e,2020
00a9af382e2e28bdd25dddbb1cd64c1885a4fc93,e1b5231a-90cd-4e4a-a778-2cd72a024637,2020
00a9af382e2e28bdd25dddbb1cd64c1885a4fc93,6dd7f322-87ef-4941-a82e-95930f2f3584,2020
00b0779034bc13da8f4eb18ed3d0c3466d759b91,3eff72bf-7a1c-4dc5-9eca-a00d239162be,2023
00b0779034bc13da8f4eb18ed3d0c3466d759b91,eee0b98a-09c9-48fa-b703-305417766fd0,2023
00b0779034bc13da8f4eb18ed3d0c3466d759b91,ffa805d5-e973-47b4-bc62-fbcf4c41d53d,2022
00b5f8d132c6223e130622b4136e1090e943f238,d34396fb-ffbc-4826-9139-10e861622ef5,2020
00b5f8d132c6223e130622b4136e1090e943f238,5a722a1e-520e-4cd0-b63d-492aef96d10c,2019
00b5f8d132c6223e130622b4136e1090e943f238,463f44e9-4123-44f3-a091-ea5393e68cfe,2021
00b5f8d132c6223e130622b4136e1090e943f238,9dd8fe1d-62d6-49eb-8bc1-9a948f2064d9,2020
00b5f8d132c6223e130622b4136e1090e943f238,8a6c730b-c39a-4ff3-bb63-6bf76cf91c46,2019
00b6456d504cf5d782803091b9a2d460daa7da80,758767ef-3ff6-46cb-8121-77901d42097b,2022
00b6456d504cf5d782803091b9a2d460daa7da80,db07ce9a-a4e2-4ab1-896e-728e535ead10,2020
00b6456d504cf5d782803091b9a2d460daa7da80,0291ce72-3b8c-425b-b8db-18605f05ff40,2020
00ba98cf43f53a8e9e61b8895a7ca302900e6d7e,98fef3dc-eb74-4bb0-a54c-e718ac0366cd,2023
00ba98cf43f53a8e9e61b8895a7ca302900e6d7e,97a6d048-5f06-4dff-9968-1daebf55e895,2020
00ba98cf43f53a8e9e61b8895a7ca302900e6d7e,8f5e3390-01e3-4897-84d7-5b8f60bb6e4d,2022
00bb7f29057d30892f84cc01a96301b688fcdef8,98fef3dc-eb74-4bb0-a54c-e718ac0366cd,2023
00bc00b24b901559bb1cad66c4bf354808b1d923,c4e08f4a-6d25-4c56-be61-cc14f2a1c885,2023
00bc00b24b901559bb1cad66c4bf354808b1d923,08430f5c-17b6-48c1-a50b-db71757dd617,2020
00bc00b24b901559bb1cad66c4bf354808b1d923,75f41b0e-9c59-4e5d-a731-4318cab3016e,2023
00c05c5f00a88ca00e8704c2ce2010ac0667a924,203eb69f-41ad-4db8-a068-f87f01169e62,2022
00c05c5f00a88ca00e8704c2ce2010ac0667a924,afbd4f78-7b97-4b55-93ac-0a4d01d98492,2022
00c05c5f00a88ca00e8704c2ce2010ac0667a924,4a0910b1-921e-41c0-880b-4698c647c7fd,2020
00c05c5f00a88ca00e8704c2ce2010ac0667a924,957b1e7c-0c9a-443e-9827-484708f02a39,2021
00c39a8b3857f16fd59ebd91ed13d68a1aed4d8b,3a342388-5892-44cf-a828-0a43c634227d,2021
00c39a8b3857f16fd59ebd91ed13d68a1aed4d8b,4b661303-3a59-4dff-82cc-9ac025918d16,2024
00c39a8b3857f16fd59ebd91ed13d68a1aed4d8b,2cc2fe4d-9264-4cb6-8700-600fa47043f4,2022
00c5cf4399df8efa1179915c36088a99eb26f281,e1b5231a-90cd-4e4a-a778-2cd72a024637,2021
00c5cf4399df8efa1179915c36088a99eb26f281,6dd7f322-87ef-4941-a82e-95930f2f3584,2023
00c5cf4399df8efa1179915c36088a99eb26f281,6ea7522c-df36-4cd0-9f66-aa94a739df19,2020
00c5cf4399df8efa1179915c36088a99eb26f281,e1ddc456-662c-4d22-876e-d43ddbd55194,2021
00c723c32a69c2a326d55c618694d5d1038da688,98fef3dc-eb74-4bb0-a54c-e718ac0366cd,2022
00c723c32a69c2a326d55c618694d5d1038da688,97a6d048-5f06-4dff-9968-1daebf55e895,2022
00c723c32a69c2a326d55c618694d5d1038da688,8f5e3390-01e3-4897-84d7-5b8f60bb6e4d,2020
00c723c32a69c2a326d55c618694d5d1038da688,919a6285-95c8-4836-9e7a-2bdab11dab1b,2024
00c92bd26958dbc085eb4bbc72aa3d34f92e32c7,8efd30fa-f14b-4e97-80f1-00ec3fd93805,2019
00c92bd26958dbc085eb4bbc72aa3d34f92e32c7,adcccd84-5384-4387-9b03-ac13d7a65245,2019
00c92bd26958dbc085eb4bbc72aa3d34f92e32c7,3a380e72-e857-45ed-ae9b-bac77b47b3e0,2023
00c92bd26958dbc085eb4bbc72aa3d34f92e32c7,4807a595-9170-4a2f-8098-f8927001263d,2020
00cdd54e6cc5cb616df26a32d8e709b67de52739,d34396fb-ffbc-4826-9139-10e861622ef5,2020
00cdd54e6cc5cb616df26a32d8e709b67de52739,5a722a1e-520e-4cd0-b63d-492aef96d10c,2023
00d669ea812b93429bb59d00e3cbedee42d4efb1,e1b5231a-90cd-4e4a-a778-2cd72a024637,2020
00d669ea812b93429bb59d00e3cbedee42d4efb1,6dd7f322-87ef-4941-a82e-95930f2f3584,2023
00d669ea812b93429bb59d00e3cbedee42d4efb1,6ea7522c-df36-4cd0-9f66-aa94a739df19,2024
00e2b0f9bcdfa52fbf68a959f9daa8a5ba23bba8,d34396fb-ffbc-4826-9139-10e861622ef5,2021
00e2b0f9bcdfa52fbf68a959f9daa8a5ba23bba8,5a722a1e-520e-4cd0-b63d-492aef96d10c,2020
00e2b0f9bcdfa52fbf68a959f9daa8a5ba23bba8,463f44e9-4123-44f3-a091-ea5393e68cfe,2021
00e2b0f9bcdfa52fbf68a959f9daa8a5ba23bba8,9dd8fe1d-62d6-49eb-8bc1-9a948f2064d9,2023
00e2b0f9bcdfa52fbf68a959f9daa8a5ba23bba8,8a6c730b-c39a-4ff3-bb63-6bf76cf91c46,2021
00e3c0110f4d65897ec9e805a4429f4aa03cc6fe,98fef3dc-eb74-4bb0-a54c-e718ac0366cd,2019
00e3c0110f4d65897ec9e805a4429f4aa03cc6fe,97a6d048-5f06-4dff-9968-1daebf55e895,2021
00e3c0110f4d65897ec9e805a4429f4aa03cc6fe,8f5e3390-01e3-4897-84d7-5b8f60bb6e4d,2022
00e3c0110f4d65897ec9e805a4429f4aa03cc6fe,919a6285-95c8-4836-9e7a-2bdab11dab1b,2023
00e3c0110f4d65897ec9e805a4429f4aa03cc6fe,d09b380a-e850-4faf-a207-be6e75386589,2021
00e3c0110f4d65897ec9e805a4429f4aa03cc6fe,9ad182fa-89fc-4dd0-a374-1808af9b8334,2020
00e3c0110f4d65897ec9e805a4429f4aa03cc6fe,4fffb1bc-6691-4faf-9893-11932df011d7,2021
00e3e4cfdba66226403368edd30df8032c9802f0,758767ef-3ff6-46cb-8121-77901d42097b,2021
00e3e4cfdba66226403368edd30df8032c9802f0,db07ce9a-a4e2-4ab1-896e-728e535ead10,2023
00e3e4cfdba66226403368edd30df8032c9802f0,0291ce72-3b8c-425b-b8db-18605f05ff40,2019
00e422bdc76b82514d66675dcac8da0493352a8e,98fef3dc-eb74-4bb0-a54c-e718ac0366cd,2019
00e422bdc76b82514d66675dcac8da0493352a8e,97a6d048-5f06-4dff-9968-1daebf55e895,2021
00e422bdc76b82514d66675dcac8da0493352a8e,8f5e3390-01e3-4897-84d7-5b8f60bb6e4d,2022
00e422bdc76b82514d66675dcac8da0493352a8e,919a6285-95c8-4836-9e7a-2bdab11dab1b,2020
00e70c97afd1af0b70e1fc6480d05a9d55a75413,12162322-fe17-4fc9-ad8b-765a5472d33d,2019
00e70c97afd1af0b70e1fc6480d05a9d55a75413,f0518e3f-2ce2-4ca7-9ea2-2cb5aa29cfc3,2020
00e70c97afd1af0b70e1fc6480d05a9d55a75413,a3322176-de98-4c5d-ae9e-bd517c20feec,2023
00e70c97afd1af0b70e1fc6480d05a9d55a75413,cc6148fa-492e-4af3-9fc0-7d78df4c24b6,2020
0000d36f99f61d6768e7c21c46ce4350b41a6a89,54c97699-f20b-45a7-ad60-b53a4ea76d91,2021
0000d36f99f61d6768e7c21c46ce4350b41a6a89,7ce789d2-bcb6-4595-9dc4-e823a924a6c2,2020
0000d36f99f61d6768e7c21c46ce4350b41a6a89,bbf04dd4-455a-4243-89f2-a756661b6db3,2021
0000d36f99f61d6768e7c21c46ce4350b41a6a89,aa941855-7d45-4531-87fe-4db2a2df6c6e,2024
0000d36f99f61d6768e7c21c46ce4350b41a6a89,b593fab9-ed88-49d0-bf0e-1312a16b4f08,2023
0000d36f99f61d6768e7c21c46ce4350b41a6a89,e3dffd26-f791-45ae-977d-1218c107b566,2021
0006b5336a56fa671de83fddc17d7165e1a0d637,758767ef-3ff6-46cb-8121-77901d42097b,2023
000f945179e9ffc0ad20fe695bcc992066d6d072,12162322-fe17-4fc9-ad8b-765a5472d33d,2020
00192a8dd9dd623047210e2bd23c87734cf65fe1,12162322-fe17-4fc9-ad8b-765a5472d33d,2020
00192a8dd9dd623047210e2bd23c87734cf65fe1,f0518e3f-2ce2-4ca7-9ea2-2cb5aa29cfc3,2024
00192a8dd9dd623047210e2bd23c87734cf65fe1,a3322176-de98-4c5d-ae9e-bd517c20feec,2023
00192a8dd9dd623047210e2bd23c87734cf65fe1,cc6148fa-492e-4af3-9fc0-7d78df4c24b6,2023
0022282d20f3c507fba576062c6c58c02dd4c8f7,12162322-fe17-4fc9-ad8b-765a5472d33d,2022
0022282d20f3c507fba576062c6c58c02dd4c8f7,f0518e3f-2ce2-4ca7-9ea2-2cb5aa29cfc3,2021
0022282d20f3c507fba576062c6c58c02dd4c8f7,a3322176-de98-4c5d-ae9e-bd517c20feec,2022
0022282d20f3c507fba576062c6c58c02dd4c8f7,cc6148fa-492e-4af3-9fc0-7d78df4c24b6,2022
0027a5389929596cc4bd1d645104cd7d88588509,98fef3dc-eb74-4bb0-a54c-e718ac0366cd,2021
0034c34af6a12c058c8ef12136758c8ee4d2f945,d34396fb-ffbc-4826-9139-10e861622ef5,2024
0034c34af6a12c058c8ef12136758c8ee4d2f945,5a722a1e-520e-4cd0-b63d-492aef96d10c,2023
003d1994ad51db685cdb7f98063edb3a53816bb7,d7a24f8f-5ec1-4872-9d99-891b6e611a1b,2023
003d1994ad51db685cdb7f98063edb3a53816bb7,514fd58d-eca6-46f3-958a-b689a09c069e,2021
0047798ed5bbb87084440d31345ae318e1e3a1b4,54c97699-f20b-45a7-ad60-b53a4ea76d91,2020
0047798ed5bbb87084440d31345ae318e1e3a1b4,7ce789d2-bcb6-4595-9dc4-e823a924a6c2,2020
00554b24a42a74ce45d041d3ace268d3fe3eb77a,3eff72bf-7a1c-4dc5-9eca-a00d239162be,2020
00554b24a42a74ce45d041d3ace268d3fe3eb77a,eee0b98a-09c9-48fa-b703-305417766fd0,2022
00554b24a42a74ce45d041d3ace268d3fe3eb77a,ffa805d5-e973-47b4-bc62-fbcf4c41d53d,2019
005783454d128bc45ab86000efc78d5676ece1b1,3a342388-5892-44cf-a828-0a43c634227d,2023
005783454d128bc45ab86000efc78d5676ece1b1,4b661303-3a59-4dff-82cc-9ac025918d16,2020
005783454d128bc45ab86000efc78d5676ece1b1,2cc2fe4d-9264-4cb6-8700-600fa47043f4,2023
005f0f6d796e1856b373e2116bdbffa719d12fbd,98fef3dc-eb74-4bb0-a54c-e718ac0366cd,2022
006707fad29166a3426fbb654d842c6d9292a771,c4e08f4a-6d25-4c56-be61-cc14f2a1c885,2021
006707fad29166a3426fbb654d842c6d9292a771,08430f5c-17b6-48c1-a50b-db71757dd617,2020
006707fad29166a3426fbb654d842c6d9292a771,75f41b0e-9c59-4e5d-a731-4318cab3016e,2021
006707fad29166a3426fbb654d842c6d9292a771,813768b6-2422-476c-b7d9-7f88793df5ce,2022
0067258937f69e4cc4371a924134189074be8d93,12162322-fe17-4fc9-ad8b-765a5472d33d,2023
0067258937f69e4cc4371a924134189074be8d93,f0518e3f-2ce2-4ca7-9ea2-2cb5aa29cfc3,2023
0067258937f69e4cc4371a924134189074be8d93,a3322176-de98-4c5d-ae9e-bd517c20feec,2022
0067258937f69e4cc4371a924134189074be8d93,cc6148fa-492e-4af3-9fc0-7d78df4c24b6,2019
006b89abc356c1c3bf2dfa35f47c0601c39dce38,54c97699-f20b-45a7-ad60-b53a4ea76d91,2019
006b89abc356c1c3bf2dfa35f47c0601c39dce38,7ce789d2-bcb6-4595-9dc4-e823a924a6c2,2020
006b89abc356c1c3bf2dfa35f47c0601c39dce38,bbf04dd4-455a-4243-89f2-a756661b6db3,2023
006b89abc356c1c3bf2dfa35f47c0601c39dce38,aa941855-7d45-4531-87fe-4db2a2df6c6e,2021
006b89abc356c1c3bf2dfa35f47c0601c39dce38,b593fab9-ed88-49d0-bf0e-1312a16b4f08,2023
006b89abc356c1c3bf2dfa35f47c0601c39dce38,e3dffd26-f791-45ae-977d-1218c107b566,2020
006bd41c4a52c64445afdbc67182715a476e09c8,c4e08f4a-6d25-4c56-be61-cc14f2a1c885,2019
006bd41c4a52c64445afdbc67182715a476e09c8,08430f5c-17b6-48c1-a50b-db71757dd617,2019
006bd41c4a52c64445afdbc67182715a476e09c8,75f41b0e-9c59-4e5d-a731-4318cab3016e,2024
006bd41c4a52c64445afdbc67182715a476e09c8,813768b6-2422-476c-b7d9-7f88793df5ce,2020
006bd41c4a52c64445afdbc67182715a476e09c8,3ead56df-644f-49f2-895f-3bf182b06f74,2021
006bd41c4a52c64445afdbc67182715a476e09c8,8ecc6f70-9574-45ca-990e-8a377e62d9af,2023
006bf046e6c27d882bae79688004c4c4f4781a0f,8efd30fa-f14b-4e97-80f1-00ec3fd93805,2019
006bf046e6c27d882bae79688004c4c4f4781a0f,adcccd84-5384-4387-9b03-ac13d7a65245,2022
007098d098b83163f76d17b75fb47f2eec43fd2d,203eb69f-41ad-4db8-a068-f87f01169e62,2020
00729e81a3c5d5ca1f7c57751cc6664da5450c76,203eb69f-41ad-4db8-a068-f87f01169e62,2023
00735bf6a1ad14a343650e7a4b6661eda04ddd60,e1b5231a-90cd-4e4a-a778-2cd72a024637,2022
00735bf6a1ad14a343650e7a4b6661eda04ddd60,6dd7f322-87ef-4941-a82e-95930f2f3584,2021
00735bf6a1ad14a343650e7a4b6661eda04ddd60,6ea7522c-df36-4cd0-9f66-aa94a739df19,2023
00735bf6a1ad14a343650e7a4b6661eda04ddd60,e1ddc456-662c-4d22-876e-d43ddbd55194,2021
00735bf6a1ad14a343650e7a4b6661eda04ddd60,a056e684-c7a0-4fbe-be39-e40307b53ae5,2021
00735bf6a1ad14a343650e7a4b6661eda04ddd60,53e80c90-bd54-423f-ac7f-0fe38d4082da,2021
0074abb724b0cec51d8ff51b73f41452fa3b156f,c4e08f4a-6d25-4c56-be61-cc14f2a1c885,2023
0074abb724b0cec51d8ff51b73f41452fa3b156f,08430f5c-17b6-48c1-a50b-db71757dd617,2022
0074abb724b0cec51d8ff51b73f41452fa3b156f,75f41b0e-9c59-4e5d-a731-4318cab3016e,2022
0074abb724b0cec51d8ff51b73f41452fa3b156f,813768b6-2422-476c-b7d9-7f88793df5ce,2020
0074abb724b0cec51d8ff51b73f41452fa3b156f,3ead56df-644f-49f2-895f-3bf182b06f74,2021
0074abb724b0cec51d8ff51b73f41452fa3b156f,8ecc6f70-9574-45ca-990e-8a377e62d9af,2019
0075dfdbd25dce1fd545d2ece39476a3a6dee5da,54c97699-f20b-45a7-ad60-b53a4ea76d91,2023
0075dfdbd25dce1fd545d2ece39476a3a6dee5da,7ce789d2-bcb6-4595-9dc4-e823a924a6c2,2021
0075dfdbd25dce1fd545d2ece39476a3a6dee5da,bbf04dd4-455a-4243-89f2-a756661b6db3,2023
0075dfdbd25dce1fd545d2ece39476a3a6dee5da,aa941855-7d45-4531-87fe-4db2a2df6c6e,2023
0075dfdbd25dce1fd545d2ece39476a3a6dee5da,b593fab9-ed88-49d0-bf0e-1312a16b4f08,2021
007d907ebb6183bb1891828afc6a7c3eeef00c87,c4e08f4a-6d25-4c56-be61-cc14f2a1c885,2021
007d907ebb6183bb1891828afc6a7c3eeef00c87,08430f5c-17b6-48c1-a50b-db71757dd617,2022
00811cc3b808295db2c7a184c2a8da1d66d17e23,d7a24f8f-5ec1-4872-9d99-891b6e611a1b,2020
00811cc3b808295db2c7a184c2a8da1d66d17e23,514fd58d-eca6-46f3-958a-b689a09c069e,2023
00811cc3b808295db2c7a184c2a8da1d66d17e23,86f545ac-3178-4c21-b813-dd81bd62ae65,2022
00811cc3b808295db2c7a184c2a8da1d66d17e23,c98819d4-14e0-4a3a-a091-11cf8e63679e,2021
0083bf90c49c5f48d52ce309c4ddc7f4f9782b15,98fef3dc-eb74-4bb0-a54c-e718ac0366cd,2023
0083bf90c49c5f48d52ce309c4ddc7f4f9782b15,97a6d048-5f06-4dff-9968-1daebf55e895,2021
0083bf90c49c5f48d52ce309c4ddc7f4f9782b15,8f5e3390-01e3-4897-84d7-5b8f60bb6e4d,2020
0091346f761e451761f48eadd304bd3fb8a4126e,3eff72bf-7a1c-4dc5-9eca-a00d239162be,2023
0091346f761e451761f48eadd304bd3fb8a4126e,eee0b98a-09c9-48fa-b703-305417766fd0,2020
0091346f761e451761f48eadd304bd3fb8a4126e,ffa805d5-e973-47b4-bc62-fbcf4c41d53d,2023
00922c3a783155b87425b085306b973664044dd4,c4e08f4a-6d25-4c56-be61-cc14f2a1c885,2023
00922c3a783155b87425b085306b973664044dd4,08430f5c-17b6-48c1-a50b-db71757dd617,2020
00922c3a783155b87425b085306b973664044dd4,75f41b0e-9c59-4e5d-a731-4318cab3016e,2022
00922c3a783155b87425b085306b973664044dd4,813768b6-2422-476c-b7d9-7f88793df5ce,2023
00975a7f3bc8bfb0a694117c07ccb7324333014f,54c97699-f20b-45a7-ad60-b53a4ea76d91,2020
00975a7f3bc8bfb0a694117c07ccb7324333014f,7ce789d2-bcb6-4595-9dc4-e823a924a6c2,2020
00975a7f3bc8bfb0a694117c07ccb7324333014f,bbf04dd4-455a-4243-89f2-a756661b6db3,2024
00975a7f3bc8bfb0a694117c07ccb7324333014f,aa941855-7d45-4531-87fe-4db2a2df6c6e,2023
00975a7f3bc8bfb0a694117c07ccb7324333014f,b593fab9-ed88-49d0-bf0e-1312a16b4f08,2022
009bce9910153fbd8729954c24c64cf7ee0f7c1b,12162322-fe17-4fc9-ad8b-765a5472d33d,2022
009eb31338512d9ca6ffde4062f0443f94b61fd1,98fef3dc-eb74-4bb0-a54c-e718ac0366cd,2022
009eb31338512d9ca6ffde4062f0443f94b61fd1,97a6d048-5f06-4dff-9968-1daebf55e895,2023
009eb31338512d9ca6ffde4062f0443f94b61fd1,8f5e3390-01e3-4897-84d7-5b8f60bb6e4d,2022
009eb31338512d9ca6ffde4062f0443f94b61fd1,919a6285-95c8-4836-9e7a-2bdab11dab1b,2020
009eb31338512d9ca6ffde4062f0443f94b61fd1,d09b380a-e850-4faf-a207-be6e75386589,2021
009eb31338512d9ca6ffde4062f0443f94b61fd1,9ad182fa-89fc-4dd0-a374-1808af9b8334,2019
009eb31338512d9ca6ffde4062f0443f94b61fd1,4fffb1bc-6691-4faf-9893-11932df011d7,2019
00b3fc061b3600b9508480022556c9a76494dba4,d34396fb-ffbc-4826-9139-10e861622ef5,2023
00b3fc061b3600b9508480022556c9a76494dba4,5a722a1e-520e-4cd0-b63d-492aef96d10c,2022
00b3fc061b3600b9508480022556c9a76494dba4,463f44e9-4123-44f3-a091-ea5393e68cfe,2022
00b3fc061b3600b9508480022556c9a76494dba4,9dd8fe1d-62d6-49eb-8bc1-9a948f2064d9,2019
00b3fc061b3600b9508480022556c9a76494dba4,8a6c730b-c39a-4ff3-bb63-6bf76cf91c46,2023
00b42b3d8e4417399b06d547f4c46030f332c9be,54c97699-f20b-45a7-ad60-b53a4ea76d91,2022
00b42b3d8e4417399b06d547f4c46030f332c9be,7ce789d2-bcb6-4595-9dc4-e823a924a6c2,2020
00b42b3d8e4417399b06d547f4c46030f332c9be,bbf04dd4-455a-4243-89f2-a756661b6db3,2020
00b42b3d8e4417399b06d547f4c46030f332c9be,aa941855-7d45-4531-87fe-4db2a2df6c6e,2019
00b42b3d8e4417399b06d547f4c46030f332c9be,b593fab9-ed88-49d0-bf0e-1312a16b4f08,2023
00b42b3d8e4417399b06d547f4c46030f332c9be,e3dffd26-f791-45ae-977d-1218c107b566,2022
00bc156bac2b39fab1689fe047b23c9f216d7f29,98fef3dc-eb74-4bb0-a54c-e718ac0366cd,2019
00bc156bac2b39fab1689fe047b23c9f216d7f29,97a6d048-5f06-4dff-9968-1daebf55e895,2019
00bc156bac2b39fab1689fe047b23c9f216d7f29,8f5e3390-01e3-4897-84d7-5b8f60bb6e4d,2020
00bc156bac2b39fab1689fe047b23c9f216d7f29,919a6285-95c8-4836-9e7a-2bdab11dab1b,2024
00bc156bac2b39fab1689fe047b23c9f216d7f29,d09b380a-e850-4faf-a207-be6e75386589,2020
00c2b76966cc18c09e865cf827fb4c7a3d294a6c,98fef3dc-eb74-4bb0-a54c-e718ac0366cd,2020
00c53bf5f1a48b64ee809cad8acc933d43234b9c,98fef3dc-eb74-4bb0-a54c-e718ac0366cd,2022
00c563820989ba36393a889743a97bcedf47dcd2,d34396fb-ffbc-4826-9139-10e861622ef5,2022
00c563820989ba36393a889743a97bcedf47dcd2,5a722a1e-520e-4cd0-b63d-492aef96d10c,2024
00c563820989ba36393a889743a97bcedf47dcd2,463f44e9-4123-44f3-a091-ea5393e68cfe,2023
00c9c8a970574dd80617c4d63493567d45f87888,3a342388-5892-44cf-a828-0a43c634227d,2023
00c9c8a970574dd80617c4d63493567d45f87888,4b661303-3a59-4dff-82cc-9ac025918d16,2022
00c9c8a970574dd80617c4d63493567d45f87888,2cc2fe4d-9264-4cb6-8700-600fa47043f4,2023
00d3c2608f64f432f21a7749b9c674c94170d17e,8efd30fa-f14b-4e97-80f1-00ec3fd93805,2021
00d3c2608f64f432f21a7749b9c674c94170d17e,adcccd84-5384-4387-9b03-ac13d7a65245,2019
00d3c2608f64f432f21a7749b9c674c94170d17e,3a380e72-e857-45ed-ae9b-bac77b47b3e0,2022
00d3c2608f64f432f21a7749b9c674c94170d17e,4807a595-9170-4a2f-8098-f8927001263d,2023
00d76f20f303c6829e23a4a9bfb9af4af3871c0c,e1b5231a-90cd-4e4a-a778-2cd72a024637,2021
00d76f20f303c6829e23a4a9bfb9af4af3871c0c,6dd7f322-87ef-4941-a82e-95930f2f3584,2021
00d76f20f303c6829e23a4a9bfb9af4af3871c0c,6ea7522c-df36-4cd0-9f66-aa94a739df19,2021
00d76f20f303c6829e23a4a9bfb9af4af3871c0c,e1ddc456-662c-4d22-876e-d43ddbd55194,2022
00d76f20f303c6829e23a4a9bfb9af4af3871c0c,a056e684-c7a0-4fbe-be39-e40307b53ae5,2022
00ddb10417f77b54ea9ba38c35dcc3310a08aa34,54c97699-f20b-45a7-ad60-b53a4ea76d91,2021
00ddb10417f77b54ea9ba38c35dcc3310a08aa34,7ce789d2-bcb6-4595-9dc4-e823a924a6c2,2020
00ddb10417f77b54ea9ba38c35dcc3310a08aa34,bbf04dd4-455a-4243-89f2-a756661b6db3,2021
00ddb10417f77b54ea9ba38c35dcc3310a08aa34,aa941855-7d45-4531-87fe-4db2a2df6c6e,2023
00ddb10417f77b54ea9ba38c35dcc3310a08aa34,b593fab9-ed88-49d0-bf0e-1312a16b4f08,2021
00ddb10417f77b54ea9ba38c35dcc3310a08aa34,e3dffd26-f791-45ae-977d-1218c107b566,2022
00e26133551f152f4c8913c5442238d30a63ef79,8efd30fa-f14b-4e97-80f1-00ec3fd93805,2023
00e346f93fe1eda00ce990a13a8ea8ba66bfc37b,12162322-fe17-4fc9-ad8b-765a5472d33d,2023
00e34b7351b6f7104218a7a09ee22aedcc927d4b,d34396fb-ffbc-4826-9139-10e861622ef5,2019
00e65d86d2b4600508d3f76a940da7a36cee04a9,3eff72bf-7a1c-4dc5-9eca-a00d239162be,2022
00e65d86d2b4600508d3f76a940da7a36cee04a9,eee0b98a-09c9-48fa-b703-305417766fd0,2023
00e65d86d2b4600508d3f76a940da7a36cee04a9,ffa805d5-e973-47b4-bc62-fbcf4c41d53d,2020
00f189133a8c64e5d197ef37092257463f8a2e8b,758767ef-3ff6-46cb-8121-77901d42097b,2020
00f189133a8c64e5d197ef37092257463f8a2e8b,db07ce9a-a4e2-4ab1-896e-728e535ead10,2020
00f189133a8c64e5d197ef37092257463f8a2e8b,0291ce72-3b8c-425b-b8db-18605f05ff40,2022
00fcd279bc6e702cfa72bf98c381242b25fd1734,54c97699-f20b-45a7-ad60-b53a4ea76d91,2020
00fcd279bc6e702cfa72bf98c381242b25fd1734,7ce789d2-bcb6-4595-9dc4-e823a924a6c2,2020
00fcd279bc6e702cfa72bf98c381242b25fd1734,bbf04dd4-455a-4243-89f2-a756661b6db3,2021
00fcd279bc6e702cfa72bf98c381242b25fd1734,aa941855-7d45-4531-87fe-4db2a2df6c6e,2023
00fcd279bc6e702cfa72bf98c381242b25fd1734,b593fab9-ed88-49d0-bf0e-1312a16b4f08,2020
00fe7c7b31a1a83fbb38f605631f1d6e76f388a2,d7a24f8f-5ec1-4872-9d99-891b6e611a1b,2021
00fe7c7b31a1a83fbb38f605631f1d6e76f388a2,514fd58d-eca6-46f3-958a-b689a09c069e,2022
00fe7c7b31a1a83fbb38f605631f1d6e76f388a2,86f545ac-3178-4c21-b813-dd81bd62ae65,2023
00fe7c7b31a1a83fbb38f605631f1d6e76f388a2,c98819d4-14e0-4a3a-a091-11cf8e63679e,2019
0101bef3602965eb124803564e37141cff2333ea,8efd30fa-f14b-4e97-80f1-00ec3fd93805,2020
011341dc87edea1fdc9aafe7020e8896fb9672b8,3a342388-5892-44cf-a828-0a43c634227d,2019
011341dc87edea1fdc9aafe7020e8896fb9672b8,4b661303-3a59-4dff-82cc-9ac025918d16,2023
011341dc87edea1fdc9aafe7020e8896fb9672b8,2cc2fe4d-9264-4cb6-8700-600fa47043f4,2023
01135d952acc731742fd20b9b2d4915c4c169950,8efd30fa-f14b-4e97-80f1-00ec3fd93805,2020
01135d952acc731742fd20b9b2d4915c4c169950,adcccd84-5384-4387-9b03-ac13d7a65245,2021
01139f79fb260e1bd06f423cb21522b3e41b31e9,3a342388-5892-44cf-a828-0a43c634227d,2023
01139f79fb260e1bd06f423cb21522b3e41b31e9,4b661303-3a59-4dff-82cc-9ac025918d16,2021
01139f79fb260e1bd06f423cb21522b3e41b31e9,2cc2fe4d-9264-4cb6-8700-600fa47043f4,2023
011961296d458fbf1d605e58f49497e7a8f6f011,3eff72bf-7a1c-4dc5-9eca-a00d239162be,2022
0125abc6b5f4b4e1c9b87c4735fc8313c0600c88,98fef3dc-eb74-4bb0-a54c-e718ac0366cd,2023
0131f82eadbf40966b110360f97b99289e56dd37,8efd30fa-f14b-4e97-80f1-00ec3fd93805,2021
0131f82eadbf40966b110360f97b99289e56dd37,adcccd84-5384-4387-9b03-ac13d7a65245,2020
0131f82eadbf40966b110360f97b99289e56dd37,3a380e72-e857-45ed-ae9b-bac77b47b3e0,2021
0131f82eadbf40966b110360f97b99289e56dd37,4807a595-9170-4a2f-8098-f8927001263d,2023
0134db5adf50c471906cbffa0d2f6a4fcbc0ae01,16ca4ff3-205a-4f99-8dbd-50937bf91424,2021
0134db5adf50c471906cbffa0d2f6a4fcbc0ae01,927fdb16-1382-44c6-9a6f-02d5cf35d8ac,2019
0134db5adf50c471906cbffa0d2f6a4fcbc0ae01,d2d6332c-4a2a-4433-a07c-becbb9cb526f,2020
01383cf064a9963054b5416c04cc421100656892,203eb69f-41ad-4db8-a068-f87f01169e62,2023
01383cf064a9963054b5416c04cc421100656892,afbd4f78-7b97-4b55-93ac-0a4d01d98492,2022
01383cf064a9963054b5416c04cc421100656892,4a0910b1-921e-41c0-880b-4698c647c7fd,2021
01383cf064a9963054b5416c04cc421100656892,957b1e7c-0c9a-443e-9827-484708f02a39,2019
013fc96537baedea3e397d057be8404aa93d5299,d34396fb-ffbc-4826-9139-10e861622ef5,2022
013fc96537baedea3e397d057be8404aa93d5299,5a722a1e-520e-4cd0-b63d-492aef96d10c,2021
013fc96537baedea3e397d057be8404aa93d5299,463f44e9-4123-44f3-a091-ea5393e68cfe,2020
013fc96537baedea3e397d057be8404aa93d5299,9dd8fe1d-62d6-49eb-8bc1-9a948f2064d9,2022
0140b503a44298915542b284f66ecd8e5adc737b,54c97699-f20b-45a7-ad60-b53a4ea76d91,2021
0140b503a44298915542b284f66ecd8e5adc737b,7ce789d2-bcb6-4595-9dc4-e823a924a6c2,2022
01458da3d3902e6ccd4b8af92cd22553596da923,e1b5231a-90cd-4e4a-a778-2cd72a024637,2019
01458da3d3902e6ccd4b8af92cd22553596da923,6dd7f322-87ef-4941-a82e-95930f2f3584,2019
01458da3d3902e6ccd4b8af92cd22553596da923,6ea7522c-df36-4cd0-9f66-aa94a739df19,2021
01458da3d3902e6ccd4b8af92cd22553596da923,e1ddc456-662c-4d22-876e-d43ddbd55194,2023
014cf690afedcb7d8fddaa9d6770f162385ffc99,d34396fb-ffbc-4826-9139-10e861622ef5,2021
014cf690afedcb7d8fddaa9d6770f162385ffc99,5a722a1e-520e-4cd0-b63d-492aef96d10c,2024
014cf690afedcb7d8fddaa9d6770f162385ffc99,463f44e9-4123-44f3-a091-ea5393e68cfe,2021
0150286dd10c0e18fd86a08603fd32343ba73d46,758767ef-3ff6-46cb-8121-77901d42097b,2024
0150286dd10c0e18fd86a08603fd32343ba73d46,db07ce9a-a4e2-4ab1-896e-728e535ead10,2023
0150286dd10c0e18fd86a08603fd32343ba73d46,0291ce72-3b8c-425b-b8db-18605f05ff40,2021
0151ab779171add3177b5eacc5b42fed8d924e26,758767ef-3ff6-46cb-8121-77901d42097b,2021
0152f2ba5f4765a313e4e41f735a37fca52a2a59,e1b5231a-90cd-4e4a-a778-2cd72a024637,2023
